2024-10-26 12:24:11,avi@gmail.com,Unknown person detected for at least 5 seconds
2024-10-26 12:24:17,avi@gmail.com,Unknown person detected for at least 5 seconds
2024-10-26 12:24:24,avi@gmail.com,Unknown person detected for at least 5 seconds
2024-10-26 12:24:31,avi@gmail.com,Unknown person detected for at least 5 seconds
2024-10-26 12:24:37,avi@gmail.com,Unknown person detected for at least 5 seconds
2024-10-26 12:24:44,avi@gmail.com,Unknown person detected for at least 5 seconds
2024-10-26 12:24:50,avi@gmail.com,Unknown person detected for at least 5 seconds
2024-10-26 12:24:56,avi@gmail.com,Unknown person detected for at least 5 seconds
2024-10-26 12:25:03,avi@gmail.com,Unknown person detected for at least 5 seconds
2024-10-26 12:25:09,avi@gmail.com,Unknown person detected for at least 5 seconds
2024-10-26 12:25:16,avi@gmail.com,Unknown person detected for at least 5 seconds
2024-10-26 12:25:23,avi@gmail.com,Unknown person detected for at least 5 seconds
2024-10-26 12:45:56,avi@gmail.com,Unknown person detected for at least 5 seconds
2024-10-26 12:46:02,avi@gmail.com,Unknown person detected for at least 5 seconds
2024-10-26 12:46:08,avi@gmail.com,Unknown person detected for at least 5 seconds
2024-10-26 12:46:14,avi@gmail.com,Unknown person detected for at least 5 seconds
2024-10-26 12:46:20,avi@gmail.com,Unknown person detected for at least 5 seconds
2024-10-26 12:46:26,avi@gmail.com,Unknown person detected for at least 5 seconds
2024-10-26 12:46:31,avi@gmail.com,Unknown person detected for at least 5 seconds
2024-10-26 12:46:38,avi@gmail.com,Unknown person detected for at least 5 seconds
2024-10-26 12:46:44,avi@gmail.com,Unknown person detected for at least 5 seconds
2024-10-26 12:46:50,avi@gmail.com,Unknown person detected for at least 5 seconds
2024-10-26 12:46:56,avi@gmail.com,Unknown person detected for at least 5 seconds
2024-10-26 12:47:01,avi@gmail.com,Unknown person detected for at least 5 seconds
2024-10-26 12:47:07,avi@gmail.com,Unknown person detected for at least 5 seconds
2024-10-26 12:47:13,avi@gmail.com,Unknown person detected for at least 5 seconds
2024-10-26 12:47:19,avi@gmail.com,Unknown person detected for at least 5 seconds
2024-10-26 12:47:25,avi@gmail.com,Unknown person detected for at least 5 seconds
2024-10-26 12:53:39,avi@gmail.com,Unknown person detected for at least 5 seconds
2024-10-26 12:53:45,avi@gmail.com,Unknown person detected for at least 5 seconds
2024-10-26 12:53:52,avi@gmail.com,Unknown person detected for at least 5 seconds
2024-10-26 12:53:58,avi@gmail.com,Unknown person detected for at least 5 seconds
2024-10-26 12:54:04,avi@gmail.com,Unknown person detected for at least 5 seconds
2024-10-26 12:54:10,avi@gmail.com,Unknown person detected for at least 5 seconds
2024-10-26 12:54:16,avi@gmail.com,Unknown person detected for at least 5 seconds
2024-10-26 12:54:23,avi@gmail.com,Unknown person detected for at least 5 seconds
2024-10-26 12:54:29,avi@gmail.com,Unknown person detected for at least 5 seconds
2024-10-26 12:54:34,avi@gmail.com,Unknown person detected for at least 5 seconds
2024-10-26 12:54:46,avi@gmail.com,Unknown person detected for at least 5 seconds
2024-10-26 12:54:53,avi@gmail.com,Unknown person detected for at least 5 seconds
2024-10-26 12:54:58,avi@gmail.com,Unknown person detected for at least 5 seconds
2024-10-26 12:55:04,avi@gmail.com,Unknown person detected for at least 5 seconds
2024-10-26 12:55:10,avi@gmail.com,Unknown person detected for at least 5 seconds
2024-10-26 12:55:17,avi@gmail.com,Unknown person detected for at least 5 seconds
2024-10-26 12:55:24,avi@gmail.com,Unknown person detected for at least 5 seconds
2024-10-26 12:55:31,avi@gmail.com,Unknown person detected for at least 5 seconds
2024-10-26 12:55:38,avi@gmail.com,Unknown person detected for at least 5 seconds
2024-10-26 14:21:50,akshit@gmail.com,Unknown person detected for at least 5 seconds
2024-10-26 14:21:56,akshit@gmail.com,Unknown person detected for at least 5 seconds
2024-10-26 14:22:02,akshit@gmail.com,Unknown person detected for at least 5 seconds
2024-10-26 14:22:10,akshit@gmail.com,Unknown person detected for at least 5 seconds
2024-10-26 14:22:16,akshit@gmail.com,Unknown person detected for at least 5 seconds
2024-10-26 14:22:22,akshit@gmail.com,Unknown person detected for at least 5 seconds
2024-10-26 14:22:29,akshit@gmail.com,Unknown person detected for at least 5 seconds
2024-10-26 14:22:35,akshit@gmail.com,Unknown person detected for at least 5 seconds
2024-10-26 14:22:41,akshit@gmail.com,Unknown person detected for at least 5 seconds
2024-10-26 14:22:47,akshit@gmail.com,Unknown person detected for at least 5 seconds
2024-10-26 14:22:53,akshit@gmail.com,Unknown person detected for at least 5 seconds
2024-10-26 14:23:00,akshit@gmail.com,Unknown person detected for at least 5 seconds
2024-10-26 14:23:06,akshit@gmail.com,Unknown person detected for at least 5 seconds
2024-10-26 14:23:12,akshit@gmail.com,Unknown person detected for at least 5 seconds
2024-10-26 14:23:34,akshit@gmail.com,Unknown person detected for at least 5 seconds
2024-10-26 14:23:40,akshit@gmail.com,Unknown person detected for at least 5 seconds
2024-10-26 14:23:45,akshit@gmail.com,Unknown person detected for at least 5 seconds
2024-10-26 14:23:51,akshit@gmail.com,Unknown person detected for at least 5 seconds
2024-10-26 14:23:59,akshit@gmail.com,Unknown person detected for at least 5 seconds
2024-10-26 14:24:05,akshit@gmail.com,Unknown person detected for at least 5 seconds
2024-10-26 14:24:17,akshit@gmail.com,Unknown person detected for at least 5 seconds
2024-10-26 14:24:23,akshit@gmail.com,Unknown person detected for at least 5 seconds
2024-10-26 14:24:33,akshit@gmail.com,Unknown person detected for at least 5 seconds
2024-10-26 14:24:39,akshit@gmail.com,Unknown person detected for at least 5 seconds
2024-10-26 14:26:05,jainik@gmail.com,Unknown person detected for at least 5 seconds
2024-10-26 14:26:12,jainik@gmail.com,Unknown person detected for at least 5 seconds
2024-10-26 14:26:23,jainik@gmail.com,Unknown person detected for at least 5 seconds
2024-10-26 14:26:30,jainik@gmail.com,Unknown person detected for at least 5 seconds
2024-10-26 14:26:35,jainik@gmail.com,Unknown person detected for at least 5 seconds
2024-10-26 14:26:42,jainik@gmail.com,Unknown person detected for at least 5 seconds
2024-10-26 14:26:48,jainik@gmail.com,Unknown person detected for at least 5 seconds
2024-10-26 14:26:53,jainik@gmail.com,Unknown person detected for at least 5 seconds
2024-10-26 14:51:42,sherry@gmail.com,Unknown person detected for at least 5 seconds
2024-10-26 14:51:47,sherry@gmail.com,Unknown person detected for at least 5 seconds
2024-10-26 14:51:54,sherry@gmail.com,Unknown person detected for at least 5 seconds
2024-10-26 14:52:00,sherry@gmail.com,Unknown person detected for at least 5 seconds
2024-10-26 14:52:06,sherry@gmail.com,Unknown person detected for at least 5 seconds
2024-10-26 14:52:12,sherry@gmail.com,Unknown person detected for at least 5 seconds
2024-10-26 14:52:18,sherry@gmail.com,Unknown person detected for at least 5 seconds
2024-10-26 14:52:24,sherry@gmail.com,Unknown person detected for at least 5 seconds
2024-10-26 14:52:29,sherry@gmail.com,Unknown person detected for at least 5 seconds
2024-10-26 15:12:38,jerry@gmail.com,Unknown person detected for at least 5 seconds
2024-10-26 15:12:43,jerry@gmail.com,Unknown person detected for at least 5 seconds
2024-10-26 15:12:50,jerry@gmail.com,Unknown person detected for at least 5 seconds
2024-10-26 15:12:57,jerry@gmail.com,Unknown person detected for at least 5 seconds
2024-10-26 15:13:04,jerry@gmail.com,Unknown person detected for at least 5 seconds
2024-10-26 15:13:11,jerry@gmail.com,Unknown person detected for at least 5 seconds
2024-10-26 16:07:23,akshit@gmail.com,Unknown person detected for at least 5 seconds
2024-10-26 16:07:32,akshit@gmail.com,Unknown person detected for at least 5 seconds
2024-10-26 16:07:39,akshit@gmail.com,Unknown person detected for at least 5 seconds
2024-10-26 16:26:14,akshit@gmail.com,Unknown person detected for at least 5 seconds
2024-10-26 16:36:26,avi@gmail.com,Unknown person detected for at least 5 seconds
2024-10-26 16:36:32,avi@gmail.com,Unknown person detected for at least 5 seconds
2024-10-26 16:36:39,avi@gmail.com,Unknown person detected for at least 5 seconds
2024-10-26 16:36:45,avi@gmail.com,Unknown person detected for at least 5 seconds
2024-10-26 16:37:02,avi@gmail.com,Unknown person detected for at least 5 seconds
2024-10-26 16:37:16,avi@gmail.com,Unknown person detected for at least 5 seconds
2024-10-26 16:37:25,avi@gmail.com,Unknown person detected for at least 5 seconds
2024-10-26 16:38:02,avi@gmail.com,Unknown person detected for at least 5 seconds
2024-10-26 16:38:08,avi@gmail.com,Unknown person detected for at least 5 seconds
2024-10-27 19:36:06,xv,Unknown person detected for at least 5 seconds
2024-10-27 19:36:11,xv,Unknown person detected for at least 5 seconds
2024-10-27 19:36:17,xv,Unknown person detected for at least 5 seconds
2024-10-27 19:36:23,xv,Unknown person detected for at least 5 seconds
2024-10-27 19:36:28,xv,Unknown person detected for at least 5 seconds
2024-10-27 19:36:36,xv,Unknown person detected for at least 5 seconds
2024-10-27 19:36:42,xv,Unknown person detected for at least 5 seconds
2024-10-27 19:36:47,xv,Unknown person detected for at least 5 seconds
2024-10-27 19:36:53,xv,Unknown person detected for at least 5 seconds
2024-10-27 19:36:59,xv,Unknown person detected for at least 5 seconds
2024-10-27 19:37:05,xv,Unknown person detected for at least 5 seconds
2024-10-27 19:37:11,xv,Unknown person detected for at least 5 seconds
2024-10-27 19:37:17,xv,Unknown person detected for at least 5 seconds
2024-10-27 19:37:22,xv,Unknown person detected for at least 5 seconds
2024-10-27 19:37:29,xv,Unknown person detected for at least 5 seconds
2024-10-27 19:37:34,xv,Unknown person detected for at least 5 seconds
2024-10-27 19:37:40,xv,Unknown person detected for at least 5 seconds
2024-10-27 19:37:46,xv,Unknown person detected for at least 5 seconds
2024-10-27 19:38:05,xv,Unknown person detected for at least 5 seconds
2024-10-27 19:38:16,xv,Unknown person detected for at least 5 seconds
2024-10-27 19:39:29,xv,Unknown person detected for at least 5 seconds
2024-10-27 19:44:52,xv,Unknown person detected for at least 5 seconds
2024-10-27 19:44:58,xv,Unknown person detected for at least 5 seconds
2024-10-27 19:45:03,xv,Unknown person detected for at least 5 seconds
2024-10-27 19:45:12,xv,Unknown person detected for at least 5 seconds
2024-10-27 19:45:18,xv,Unknown person detected for at least 5 seconds
2024-10-27 19:45:23,xv,Unknown person detected for at least 5 seconds
2024-10-27 19:45:32,xv,Unknown person detected for at least 5 seconds
2024-10-27 19:45:37,xv,Unknown person detected for at least 5 seconds
2024-10-27 19:45:43,xv,Unknown person detected for at least 5 seconds
2024-10-27 19:45:49,xv,Unknown person detected for at least 5 seconds
2024-10-27 19:45:55,xv,Unknown person detected for at least 5 seconds
2024-10-27 19:46:00,xv,Unknown person detected for at least 5 seconds
2024-10-27 19:46:06,xv,Unknown person detected for at least 5 seconds
2024-10-27 19:46:18,xv,Unknown person detected for at least 5 seconds
2024-10-27 19:46:24,xv,Unknown person detected for at least 5 seconds
2024-10-27 19:46:30,xv,Unknown person detected for at least 5 seconds
2024-10-27 19:53:20,xv,Unknown person detected for at least 5 seconds
2024-10-27 19:53:26,xv,Unknown person detected for at least 5 seconds
2024-10-27 19:53:31,xv,Unknown person detected for at least 5 seconds
2024-10-27 19:53:37,xv,Unknown person detected for at least 5 seconds
2024-10-27 19:53:43,xv,Unknown person detected for at least 5 seconds
2024-10-27 19:53:48,xv,Unknown person detected for at least 5 seconds
2024-10-27 19:53:54,xv,Unknown person detected for at least 5 seconds
2024-10-27 19:54:00,xv,Unknown person detected for at least 5 seconds
2024-10-27 19:54:05,xv,Unknown person detected for at least 5 seconds
2024-10-27 19:54:11,xv,Unknown person detected for at least 5 seconds
2024-10-27 19:54:44,Jainik,Unknown person detected for at least 5 seconds
2024-10-27 19:54:50,Jainik,Unknown person detected for at least 5 seconds
2024-10-27 20:02:07,Jainik,Unknown person detected for at least 5 seconds
2024-10-27 20:02:13,Jainik,Unknown person detected for at least 5 seconds
2024-10-27 20:02:19,Jainik,Unknown person detected for at least 5 seconds
2024-10-27 20:02:25,Jainik,Unknown person detected for at least 5 seconds
2024-10-27 20:02:31,Jainik,Unknown person detected for at least 5 seconds
2024-10-27 20:03:17,aa@gmail.com,Unknown person detected for at least 5 seconds
2024-10-27 22:46:07,jainik@gmail.com,Unknown person detected for at least 5 seconds
2024-10-28 17:54:41,jainik@gmail.com,Unknown person detected for at least 5 seconds
2024-10-28 22:32:39,jainik@gmail.com,Unknown person detected for at least 5 seconds
2024-10-29 00:22:25,jainik@gmail.com,Unknown person detected for at least 5 seconds
2024-10-29 00:22:50,jainik@gmail.com,Unknown person detected for at least 5 seconds
2024-10-29 00:27:48,jainik@gmail.com,Unknown person detected for at least 5 seconds
2024-10-29 00:30:54,jainik@gmail.com,Unknown person detected for at least 5 seconds
2024-10-29 00:31:15,jainik@gmail.com,Unknown person detected for at least 5 seconds
2024-10-29 00:34:43,jainik@gmail.com,Unknown person detected for at least 5 seconds
2024-10-29 00:41:18,jainik@gmail.com,Unknown person detected for at least 5 seconds
2024-10-29 00:44:30,avi@gmail.com,Unknown person detected for at least 5 seconds
2024-10-29 00:44:36,avi@gmail.com,Unknown person detected for at least 5 seconds
2024-10-29 00:45:19,avi@gmail.com,Unknown person detected for at least 5 seconds
2024-10-29 00:45:34,avi@gmail.com,Unknown person detected for at least 5 seconds
2024-10-29 00:46:04,avi@gmail.com,Unknown person detected for at least 5 seconds
2024-10-29 00:47:18,avi@gmail.com,Unknown person detected for at least 5 seconds
2024-10-29 00:47:49,avi@gmail.com,Unknown person detected for at least 5 seconds
2024-10-29 00:49:43,avi@gmail.com,Unknown person detected for at least 5 seconds
2024-10-29 00:49:50,avi@gmail.com,Unknown person detected for at least 5 seconds
2024-10-29 00:50:01,avi@gmail.com,Unknown person detected for at least 5 seconds
2024-10-29 00:51:22,avi@gmail.com,Unknown person detected for at least 5 seconds
2024-10-29 01:09:13,jainik@gmail.com,Unknown person detected for at least 5 seconds
2024-11-01 16:12:59,jainik@gmail.com,Unknown person detected for at least 5 seconds
2024-11-01 16:50:30,jainik@gmail.com,Unknown person detected for at least 5 seconds
2024-11-08 14:43:14,jainik@gmail.com,Unknown person detected for at least 5 seconds
2024-11-08 14:50:56,jainik@gmail.com,Unknown person detected for at least 5 seconds
2024-11-14 17:03:48,avi@gmail.com,Unknown person detected for at least 5 seconds
2024-11-16 00:54:51,jainik@gmail.com,Unknown person detected for at least 5 seconds
